<beans xmlns="http://www.springframework.org/schema/beans"
       xmlns:context="http://www.springframework.org/schema/context"
       xmlns:xsi="http://www.w3.org/2001/XMLSchema-instance"
       xmlns:aop="http://www.springframework.org/schema/aop"
       xmlns:tx="http://www.springframework.org/schema/tx"
       xmlns:p="http://www.springframework.org/schema/p"
       xsi:schemaLocation="
                    http://www.springframework.org/schema/context
                    http://www.springframework.org/schema/context/spring-context.xsd
                    http://www.springframework.org/schema/beans
                    http://www.springframework.org/schema/beans/spring-beans.xsd
                    http://www.springframework.org/schema/tx
                    http://www.springframework.org/schema/tx/spring-tx.xsd
                    http://www.springframework.org/schema/aop
                    http://www.springframework.org/schema/aop/spring-aop.xsd">

    <context:component-scan base-package="com.ceit" >
        <context:exclude-filter type="annotation" expression="org.springframework.stereotype.Controller" />
    </context:component-scan>

    <!-- Spring的配置文件，主要配置与业务逻辑有关的   -->
    <!--数据源，事务控制 ...-->
    <context:property-placeholder location="classpath:dbconfig.properties" />
    <bean id="pooleDataSource" class="com.mchange.v2.c3p0.ComboPooledDataSource">
        <property name="jdbcUrl"  value="${jdbc.jdbcUrl}"/>
        <property name="driverClass"  value="${jdbc.driverClass}"/>
        <property name="user"  value="${jdbc.user}"/>
        <property name="password" value="${jdbc.password}"/>
    </bean>

    <!-- 配置MyBatis的整合   -->
    <bean id="SqlSessionFactory" class="org.mybatis.spring.SqlSessionFactoryBean">
        <!-- 指定mybatis全局配置文件的位置 -->
        <property name="configLocation" value="classpath:mybatis-config.xml" />
        <property name="dataSource" ref="pooleDataSource" />
        <!--  指定mybatis.mapper文件位置      -->
        <property name="mapperLocations" value="classpath:mapper/*.xml"/>
    </bean>

    <!-- 配置扫描器，将mybatis接口的实现加入到ioc容器中   -->
    <bean class="org.mybatis.spring.mapper.MapperScannerConfigurer" >
        <!--   扫描所有dao接口的实现，加入到ioc容器中     -->
        <property name="basePackage" value="com.ceit.crud.dao" />
    </bean>

    <!--配置一个可以执行批量的sqlSession -->
    <bean id="sqlSession" class="org.mybatis.spring.SqlSessionTemplate">
        <constructor-arg name="sqlSessionFactory" ref="SqlSessionFactory" />
        <constructor-arg name="executorType" value="BATCH" />
    </bean>

    <!--  事务控制  -->
    <bean id="transactionManager" class="org.springframework.jdbc.datasource.DataSourceTransactionManager" >
        <!-- 控制住数据源   -->
        <property name="dataSource" ref="pooleDataSource" />
    </bean>
    <!-- 开启基于注解的事务，使用xml配置形式的事务(必要主要的都是使用配置式)   -->
    <aop:config>
        <!-- 切入点表达式-->
        <aop:pointcut id="txPoint" expression="execution(* com.ceit.crud.service..*(..))"/>
        <!-- 配置事务增强   -->
        <aop:advisor advice-ref="txAdvice"  pointcut-ref="txPoint"/>
    </aop:config>

    <!--  配置事务增强，事务如何切入  -->
    <tx:advice id="txAdvice" transaction-manager="transactionManager">
        <tx:attributes>
            <!--  所有方法都是事务方法  -->
            <tx:method name="*"/>
            <!--   get开始的所有方法   -->
            <tx:method name="get*" read-only="true"/>
        </tx:attributes>
    </tx:advice>

    <!--  Spring配置文件的核心点(数据源，与mybatis的整合，事务控制)  -->
</beans>